id,title,description,link,image_link,price,availability,condition,brand
"v1|318726275198|0","One Piece Card Game OP-08 Two Legends Booster Pack Japanese Whitebeard Sealed","One Piece Card Game OP-08 Two Legends Booster Pack Japanese Whitebeard Sealed — authentic Japanese item, shipped worldwide with tracking from Sanuki Trading.","https://sanukitrading2026-hub.github.io/ebay-store/items/v1-318726275198-0.html","https://i.ebayimg.com/images/g/v7AAAeSwJ2dqfD1d/s-l225.jpg","6.00 USD","in stock","new","Sanuki Trading"
"v1|318720750986|0","Pokemon MEGA Starter Set ex 3 Deck Bundle Eevee Zoroark Meowscarada Japan NEW","Pokemon MEGA Starter Set ex 3 Deck Bundle Eevee Zoroark Meowscarada Japan NEW — authentic Japanese item, shipped worldwide with tracking from Sanuki Trading.","https://sanukitrading2026-hub.github.io/ebay-store/items/v1-318720750986-0.html","https://i.ebayimg.com/images/g/l1wAAeSwAzZqcwJW/s-l225.jpg","99.99 USD","in stock","new","Sanuki Trading"
"v1|318717631469|0","Cardfight Vanguard Formula Lights Zo=III Diocross D-PR/1738 CoroCoro Promo x2","Cardfight Vanguard Formula Lights Zo=III Diocross D-PR/1738 CoroCoro Promo x2 — authentic Japanese item, shipped worldwide with tracking from Sanuki Trading.","https://sanukitrading2026-hub.github.io/ebay-store/items/v1-318717631469-0.html","https://i.ebayimg.com/images/g/N2UAAeSwdSZqfDnD/s-l225.jpg","9.99 USD","in stock","used","Sanuki Trading"
"v1|318715598508|0","Protective Vest SR 099/076 M6 Storm Emeralda Pokemon Card Japanese 2026 NM","Protective Vest SR 099/076 M6 Storm Emeralda Pokemon Card Japanese 2026 NM — authentic Japanese item, shipped worldwide with tracking from Sanuki Trading.","https://sanukitrading2026-hub.github.io/ebay-store/items/v1-318715598508-0.html","https://i.ebayimg.com/images/g/3JYAAeSwpAlqex3l/s-l225.jpg","2.49 USD","in stock","used","Sanuki Trading"
"v1|318710461695|0","Pokemon Card Game MEGA Inferno X Charizard X ex 4 Packs Sealed Japanese m2 NEW","Pokemon Card Game MEGA Inferno X Charizard X ex 4 Packs Sealed Japanese m2 NEW — authentic Japanese item, shipped worldwide with tracking from Sanuki Trading.","https://sanukitrading2026-hub.github.io/ebay-store/items/v1-318710461695-0.html","https://i.ebayimg.com/images/g/xXEAAeSwVf1qefCV/s-l225.jpg","11.00 USD","in stock","new","Sanuki Trading"
"v1|318707787276|0","MegaHouse One Piece P.O.P DX Trafalgar Law Figure Excellent Model Series NEW","MegaHouse One Piece P.O.P DX Trafalgar Law Figure Excellent Model Series NEW — authentic Japanese item, shipped worldwide with tracking from Sanuki Trading.","https://sanukitrading2026-hub.github.io/ebay-store/items/v1-318707787276-0.html","https://i.ebayimg.com/images/g/MDMAAeSwvFVqdKQW/s-l225.jpg","80.00 USD","in stock","new","Sanuki Trading"
"v1|318707731848|0","Pokemon Pikachu 30th Anniversary Talking Plush Poke Fuwa Takara Tomy Japan New","Pokemon Pikachu 30th Anniversary Talking Plush Poke Fuwa Takara Tomy Japan New — authentic Japanese item, shipped worldwide with tracking from Sanuki Trading.","https://sanukitrading2026-hub.github.io/ebay-store/items/v1-318707731848-0.html","https://i.ebayimg.com/images/g/Fs4AAeSwKTRqeeyu/s-l225.jpg","38.00 USD","in stock","new","Sanuki Trading"
"v1|318704149192|0","Pokemon Card Game MEGA Munikis Zero Booster Box Japanese Shrink M3 Nihil","Pokemon Card Game MEGA Munikis Zero Booster Box Japanese Shrink M3 Nihil — authentic Japanese item, shipped worldwide with tracking from Sanuki Trading.","https://sanukitrading2026-hub.github.io/ebay-store/items/v1-318704149192-0.html","https://i.ebayimg.com/images/g/LNUAAeSwFKNqXfZl/s-l225.jpg","77.49 USD","in stock","new","Sanuki Trading"
"v1|318702054149|0","Storm Emeralda Booster Box x2 Set Pokemon Card Japanese MEGA Shrink Sealed NEW","Storm Emeralda Booster Box x2 Set Pokemon Card Japanese MEGA Shrink Sealed NEW — authentic Japanese item, shipped worldwide with tracking from Sanuki Trading.","https://sanukitrading2026-hub.github.io/ebay-store/items/v1-318702054149-0.html","https://i.ebayimg.com/images/g/Xo4AAeSwE-hqdGHb/s-l225.jpg","338.29 USD","in stock","new","Sanuki Trading"
"v1|318700358941|0","Pokemon Moncolle Mega Gengar Figure Takara Tomy Japan NEW Sealed Ghost Shadow","Pokemon Moncolle Mega Gengar Figure Takara Tomy Japan NEW Sealed Ghost Shadow — authentic Japanese item, shipped worldwide with tracking from Sanuki Trading.","https://sanukitrading2026-hub.github.io/ebay-store/items/v1-318700358941-0.html","https://i.ebayimg.com/images/g/PeMAAeSwk-9qddk3/s-l225.jpg","15.00 USD","in stock","new","Sanuki Trading"
"v1|318695693344|0","One Piece Grandista Monkey D Luffy Gear 5 Nika III Figure Banpresto Bandai NEW","One Piece Grandista Monkey D Luffy Gear 5 Nika III Figure Banpresto Bandai NEW — authentic Japanese item, shipped worldwide with tracking from Sanuki Trading.","https://sanukitrading2026-hub.github.io/ebay-store/items/v1-318695693344-0.html","https://i.ebayimg.com/images/g/VhMAAeSwKs5qdEyo/s-l225.jpg","22.49 USD","in stock","new","Sanuki Trading"
"v1|318695605342|0","One Piece Grandista Marshall D Teach Blackbeard Figure Banpresto Bandai NEW 2026","One Piece Grandista Marshall D Teach Blackbeard Figure Banpresto Bandai NEW 2026 — authentic Japanese item, shipped worldwide with tracking from Sanuki Trading.","https://sanukitrading2026-hub.github.io/ebay-store/items/v1-318695605342-0.html","https://i.ebayimg.com/images/g/uaEAAeSwAzZqdEzx/s-l225.jpg","31.49 USD","in stock","new","Sanuki Trading"
"v1|318684702381|0","Pokemon Card Japanese High Class Pack MEGA DREAM ex - Brand New Sealed","Pokemon Card Japanese High Class Pack MEGA DREAM ex - Brand New Sealed — authentic Japanese item, shipped worldwide with tracking from Sanuki Trading.","https://sanukitrading2026-hub.github.io/ebay-store/items/v1-318684702381-0.html","https://i.ebayimg.com/images/g/~SQAAeSwihxqcSc4/s-l225.jpg","1.70 USD","in stock","new","Sanuki Trading"
"v1|318675110051|0","One Piece Shanks Ichiban Kuji Film Red Last One Prize Metallic Ver Figure Japan","One Piece Shanks Ichiban Kuji Film Red Last One Prize Metallic Ver Figure Japan — authentic Japanese item, shipped worldwide with tracking from Sanuki Trading.","https://sanukitrading2026-hub.github.io/ebay-store/items/v1-318675110051-0.html","https://i.ebayimg.com/images/g/RLIAAeSwAQ9qc8YD/s-l225.jpg","42.29 USD","in stock","new","Sanuki Trading"
"v1|318675084393|0","Ichiban Kuji Dragon Ball Dragon History Son Goku vs Piccolo Jr Figure Prize A","Ichiban Kuji Dragon Ball Dragon History Son Goku vs Piccolo Jr Figure Prize A — authentic Japanese item, shipped worldwide with tracking from Sanuki Trading.","https://sanukitrading2026-hub.github.io/ebay-store/items/v1-318675084393-0.html","https://i.ebayimg.com/images/g/5dUAAeSwDF1qXD3W/s-l225.jpg","57.49 USD","in stock","new","Sanuki Trading"
"v1|318669681171|0","Pokemon Card Japanese High Class Pack MEGA Dream ex BOX Brand New Sealed","Pokemon Card Japanese High Class Pack MEGA Dream ex BOX Brand New Sealed — authentic Japanese item, shipped worldwide with tracking from Sanuki Trading.","https://sanukitrading2026-hub.github.io/ebay-store/items/v1-318669681171-0.html","https://i.ebayimg.com/images/g/nxIAAeSwaJdqesHv/s-l225.jpg","109.99 USD","in stock","new","Sanuki Trading"
"v1|318667549936|0","One Piece P.O.P Portrait of Pirates Portgas D Ace Megahouse 2007 Figure Japan","One Piece P.O.P Portrait of Pirates Portgas D Ace Megahouse 2007 Figure Japan — authentic Japanese item, shipped worldwide with tracking from Sanuki Trading.","https://sanukitrading2026-hub.github.io/ebay-store/items/v1-318667549936-0.html","https://i.ebayimg.com/images/g/Pt4AAeSwDCFqbyog/s-l225.jpg","98.99 USD","in stock","new","Sanuki Trading"
"v1|318666033366|0","Pokemon Card Game Scarlet Violet Glory of Team Rocket sv10 Booster Pack Japanese","Pokemon Card Game Scarlet Violet Glory of Team Rocket sv10 Booster Pack Japanese — authentic Japanese item, shipped worldwide with tracking from Sanuki Trading.","https://sanukitrading2026-hub.github.io/ebay-store/items/v1-318666033366-0.html","https://i.ebayimg.com/images/g/73sAAeSw-1dqagfU/s-l225.jpg","2.00 USD","in stock","new","Sanuki Trading"
"v1|318661374659|0","Pokemon MEGA Storm Emeralda Rayquaza ex 11 Packs Japanese TCG Sealed m6 NEW","Pokemon MEGA Storm Emeralda Rayquaza ex 11 Packs Japanese TCG Sealed m6 NEW — authentic Japanese item, shipped worldwide with tracking from Sanuki Trading.","https://sanukitrading2026-hub.github.io/ebay-store/items/v1-318661374659-0.html","https://i.ebayimg.com/images/g/8NEAAeSwfE5qbTxd/s-l225.jpg","37.49 USD","in stock","new","Sanuki Trading"
"v1|318657811171|0","Pokemon MEGA Starter Set ex Zorua Zoroark ex Deck 60 Cards Japanese Sealed 2026","Pokemon MEGA Starter Set ex Zorua Zoroark ex Deck 60 Cards Japanese Sealed 2026 — authentic Japanese item, shipped worldwide with tracking from Sanuki Trading.","https://sanukitrading2026-hub.github.io/ebay-store/items/v1-318657811171-0.html","https://i.ebayimg.com/images/g/I5kAAeSw86VqbF~R/s-l225.jpg","44.99 USD","in stock","new","Sanuki Trading"
"v1|318657401253|0","Lupin the Third Zenigata Inspector Figure Banpresto Bandai Japan NEW 2026","Lupin the Third Zenigata Inspector Figure Banpresto Bandai Japan NEW 2026 — authentic Japanese item, shipped worldwide with tracking from Sanuki Trading.","https://sanukitrading2026-hub.github.io/ebay-store/items/v1-318657401253-0.html","https://i.ebayimg.com/images/g/flEAAeSwZnFqa1~8/s-l225.jpg","39.99 USD","in stock","new","Sanuki Trading"
"v1|318648612993|0","Pokemon Card Goldeen 084/081 M5 Abyss Eye AR Japanese","Pokemon Card Goldeen 084/081 M5 Abyss Eye AR Japanese — authentic Japanese item, shipped worldwide with tracking from Sanuki Trading.","https://sanukitrading2026-hub.github.io/ebay-store/items/v1-318648612993-0.html","https://i.ebayimg.com/images/g/CSEAAeSw5oRqaUg3/s-l225.jpg","5.00 USD","in stock","used","Sanuki Trading"
"v1|318645569641|0","ONE PIECE Theorama Soul Roronoa Zoro Figure Banpresto Bandai NEW Japan Jul 2026","ONE PIECE Theorama Soul Roronoa Zoro Figure Banpresto Bandai NEW Japan Jul 2026 — authentic Japanese item, shipped worldwide with tracking from Sanuki Trading.","https://sanukitrading2026-hub.github.io/ebay-store/items/v1-318645569641-0.html","https://i.ebayimg.com/images/g/yQwAAeSw2AdqaGrs/s-l225.jpg","28.49 USD","in stock","new","Sanuki Trading"
"v1|318640907738|0","ONE PIECE Maximatic Plus Monkey D Luffy II Figure Banpresto Prize Japan NEW","ONE PIECE Maximatic Plus Monkey D Luffy II Figure Banpresto Prize Japan NEW — authentic Japanese item, shipped worldwide with tracking from Sanuki Trading.","https://sanukitrading2026-hub.github.io/ebay-store/items/v1-318640907738-0.html","https://i.ebayimg.com/images/g/U00AAeSw4VVqZyXN/s-l225.jpg","30.00 USD","in stock","new","Sanuki Trading"
"v1|318635278554|0","ONE PIECE Card Game OP-16 The Battle Begins Booster Pack 3 Pack Set Japanese","ONE PIECE Card Game OP-16 The Battle Begins Booster Pack 3 Pack Set Japanese — authentic Japanese item, shipped worldwide with tracking from Sanuki Trading.","https://sanukitrading2026-hub.github.io/ebay-store/items/v1-318635278554-0.html","https://i.ebayimg.com/images/g/5uUAAeSwg3Nqe7aK/s-l225.jpg","18.00 USD","in stock","new","Sanuki Trading"
"v1|318634211417|0","ONE PIECE Battle Record Collection Luffy Gear 5 Nika Figure Banpresto Japan NEW","ONE PIECE Battle Record Collection Luffy Gear 5 Nika Figure Banpresto Japan NEW — authentic Japanese item, shipped worldwide with tracking from Sanuki Trading.","https://sanukitrading2026-hub.github.io/ebay-store/items/v1-318634211417-0.html","https://i.ebayimg.com/images/g/8EgAAeSwxMpqXD5i/s-l225.jpg","19.99 USD","in stock","new","Sanuki Trading"
"v1|318632465495|0","Chiikawa x McDonalds Happy Set Toy Figure Hachiware Usagi Japan Limited Set 2","Chiikawa x McDonalds Happy Set Toy Figure Hachiware Usagi Japan Limited Set 2 — authentic Japanese item, shipped worldwide with tracking from Sanuki Trading.","https://sanukitrading2026-hub.github.io/ebay-store/items/v1-318632465495-0.html","https://i.ebayimg.com/images/g/0soAAeSwYvFqUi~C/s-l225.jpg","4.99 USD","in stock","used","Sanuki Trading"
"v1|318627214131|0","Pokemon Card GYM Promo Pack Vol.4 MEGA Japanese Sealed 5 Packs Not For Sale Rare","Pokemon Card GYM Promo Pack Vol.4 MEGA Japanese Sealed 5 Packs Not For Sale Rare — authentic Japanese item, shipped worldwide with tracking from Sanuki Trading.","https://sanukitrading2026-hub.github.io/ebay-store/items/v1-318627214131-0.html","https://i.ebayimg.com/images/g/ndkAAeSwizZqYrwD/s-l225.jpg","18.99 USD","in stock","new","Sanuki Trading"
"v1|318621780916|0","One Piece Card Game OP-16 The Time of Battle 8 Packs Set Japanese Sealed","One Piece Card Game OP-16 The Time of Battle 8 Packs Set Japanese Sealed — authentic Japanese item, shipped worldwide with tracking from Sanuki Trading.","https://sanukitrading2026-hub.github.io/ebay-store/items/v1-318621780916-0.html","https://i.ebayimg.com/images/g/~34AAeSwsJVqe7jy/s-l225.jpg","24.99 USD","in stock","new","Sanuki Trading"
"v1|318617657953|0","Pokemon Card Power Tablet UR 126/100 s8 Fusion Arts Gold Secret Rare Japanese","Pokemon Card Power Tablet UR 126/100 s8 Fusion Arts Gold Secret Rare Japanese — authentic Japanese item, shipped worldwide with tracking from Sanuki Trading.","https://sanukitrading2026-hub.github.io/ebay-store/items/v1-318617657953-0.html","https://i.ebayimg.com/images/g/HnYAAeSwARRqWkAq/s-l225.jpg","3.50 USD","in stock","used","Sanuki Trading"
"v1|318604520314|0","One Piece Card Game Whitebeard Luffy Ace Sabo Shanks Uta 6 Card Set Japanese","One Piece Card Game Whitebeard Luffy Ace Sabo Shanks Uta 6 Card Set Japanese — authentic Japanese item, shipped worldwide with tracking from Sanuki Trading.","https://sanukitrading2026-hub.github.io/ebay-store/items/v1-318604520314-0.html","https://i.ebayimg.com/images/g/dwQAAeSwrhNqXJwC/s-l225.jpg","1.29 USD","in stock","used","Sanuki Trading"
"v1|318603632687|0","McDonalds Super Mario Galaxy Movie 2026 Happy Meal Birdo Bowser Jr Luma Toy Set","McDonalds Super Mario Galaxy Movie 2026 Happy Meal Birdo Bowser Jr Luma Toy Set — authentic Japanese item, shipped worldwide with tracking from Sanuki Trading.","https://sanukitrading2026-hub.github.io/ebay-store/items/v1-318603632687-0.html","https://i.ebayimg.com/images/g/iCIAAeSwXM9qUi66/s-l225.jpg","4.49 USD","in stock","used","Sanuki Trading"
"v1|318602919367|0","Pokemon Mega Get Arcade Prize Cards Miraidon Armarouge Quaxly Skarmory Japan Set","Pokemon Mega Get Arcade Prize Cards Miraidon Armarouge Quaxly Skarmory Japan Set — authentic Japanese item, shipped worldwide with tracking from Sanuki Trading.","https://sanukitrading2026-hub.github.io/ebay-store/items/v1-318602919367-0.html","https://i.ebayimg.com/images/g/b48AAeSwxMpqWkcQ/s-l225.jpg","12.49 USD","in stock","used","Sanuki Trading"
"v1|318588704472|0","Pokemon Card PSA 10 Gengar ex #003/021 MEGA Japanese Starter Set MBG Graded 2025","Pokemon Card PSA 10 Gengar ex #003/021 MEGA Japanese Starter Set MBG Graded 2025 — authentic Japanese item, shipped worldwide with tracking from Sanuki Trading.","https://sanukitrading2026-hub.github.io/ebay-store/items/v1-318588704472-0.html","https://i.ebayimg.com/images/g/dCoAAeSwl85qWCne/s-l225.jpg","57.49 USD","in stock","used","Sanuki Trading"
"v1|318584305811|0","Pokemon Center Tohoku Hiroshima Fukuoka Special BOX Set Pikachu Promo Japan NEW","Pokemon Center Tohoku Hiroshima Fukuoka Special BOX Set Pikachu Promo Japan NEW — authentic Japanese item, shipped worldwide with tracking from Sanuki Trading.","https://sanukitrading2026-hub.github.io/ebay-store/items/v1-318584305811-0.html","https://i.ebayimg.com/images/g/7KIAAeSw8KJqVvrx/s-l225.jpg","650.00 USD","in stock","new","Sanuki Trading"
"v1|318576162209|0","One Piece Card Game Ichiban Kuji A Prize Luffy Figure Promo Card OP13-001 Japan","One Piece Card Game Ichiban Kuji A Prize Luffy Figure Promo Card OP13-001 Japan — authentic Japanese item, shipped worldwide with tracking from Sanuki Trading.","https://sanukitrading2026-hub.github.io/ebay-store/items/v1-318576162209-0.html","https://i.ebayimg.com/images/g/J38AAeSwLLxqPjm~/s-l225.jpg","122.00 USD","in stock","new","Sanuki Trading"
"v1|318572256146|0","Pokemon Card Game MEGA Abyss Eye Darkrai ex 10 Packs Sealed Japanese m5 NEW","Pokemon Card Game MEGA Abyss Eye Darkrai ex 10 Packs Sealed Japanese m5 NEW — authentic Japanese item, shipped worldwide with tracking from Sanuki Trading.","https://sanukitrading2026-hub.github.io/ebay-store/items/v1-318572256146-0.html","https://i.ebayimg.com/images/g/6yAAAeSwvRxqRSLm/s-l225.jpg","19.49 USD","in stock","new","Sanuki Trading"
"v1|318569906731|0","Nintendo Super Mario Fire Mario Toad Figure Set Japan Prize Authentic New 2025","Nintendo Super Mario Fire Mario Toad Figure Set Japan Prize Authentic New 2025 — authentic Japanese item, shipped worldwide with tracking from Sanuki Trading.","https://sanukitrading2026-hub.github.io/ebay-store/items/v1-318569906731-0.html","https://i.ebayimg.com/images/g/1VAAAeSw46RqUjBK/s-l225.jpg","19.49 USD","in stock","used","Sanuki Trading"
"v1|318540555647|0","One Piece Ichiban Kuji Luffy Promo Card OP13-001 Japanese Sealed Bandai NEW","One Piece Ichiban Kuji Luffy Promo Card OP13-001 Japanese Sealed Bandai NEW — authentic Japanese item, shipped worldwide with tracking from Sanuki Trading.","https://sanukitrading2026-hub.github.io/ebay-store/items/v1-318540555647-0.html","https://i.ebayimg.com/images/g/xd4AAeSwbqtqPzcW/s-l225.jpg","40.00 USD","in stock","used","Sanuki Trading"
"v1|318529156639|0","Pokemon Japanese M5 Abyss Eye Booster Pack Lot x5 Sealed Unopened Mega Darkrai","Pokemon Japanese M5 Abyss Eye Booster Pack Lot x5 Sealed Unopened Mega Darkrai — authentic Japanese item, shipped worldwide with tracking from Sanuki Trading.","https://sanukitrading2026-hub.github.io/ebay-store/items/v1-318529156639-0.html","https://i.ebayimg.com/images/g/KmQAAeSwGspqRSKf/s-l225.jpg","11.00 USD","in stock","new","Sanuki Trading"
"v1|318528561863|0","One Piece P.O.P Portrait of Pirates Shanks Megahouse 2008 Excellent Model Figure","One Piece P.O.P Portrait of Pirates Shanks Megahouse 2008 Excellent Model Figure — authentic Japanese item, shipped worldwide with tracking from Sanuki Trading.","https://sanukitrading2026-hub.github.io/ebay-store/items/v1-318528561863-0.html","https://i.ebayimg.com/images/g/-44AAeSwFW1qdKFq/s-l225.jpg","99.99 USD","in stock","new","Sanuki Trading"
"v1|318527123434|0","Pokemon TCG Mega Symphonia 10 Pack Set Japanese Booster Packs Sealed","Pokemon TCG Mega Symphonia 10 Pack Set Japanese Booster Packs Sealed — authentic Japanese item, shipped worldwide with tracking from Sanuki Trading.","https://sanukitrading2026-hub.github.io/ebay-store/items/v1-318527123434-0.html","https://i.ebayimg.com/images/g/rCIAAeSw4hZqIAxM/s-l225.jpg","15.00 USD","in stock","new","Sanuki Trading"
"v1|318522318281|0","Pokemon TCG Start Deck 100 Battle Collection Japanese Sealed x2 New","Pokemon TCG Start Deck 100 Battle Collection Japanese Sealed x2 New — authentic Japanese item, shipped worldwide with tracking from Sanuki Trading.","https://sanukitrading2026-hub.github.io/ebay-store/items/v1-318522318281-0.html","https://i.ebayimg.com/images/g/tOMAAeSwf9FqN6Nd/s-l225.jpg","59.00 USD","in stock","new","Sanuki Trading"
"v1|318505436785|0","ONE PIECE Grandista Gear 5 II Luffy & Jewelry Bonney Figure Set New Japan","ONE PIECE Grandista Gear 5 II Luffy & Jewelry Bonney Figure Set New Japan — authentic Japanese item, shipped worldwide with tracking from Sanuki Trading.","https://sanukitrading2026-hub.github.io/ebay-store/items/v1-318505436785-0.html","https://i.ebayimg.com/images/g/oZYAAeSwZjlqPcrV/s-l225.jpg","48.00 USD","in stock","new","Sanuki Trading"
"v1|318503196868|0","Lupin the Third & Jigen 7 inch Full Action Figure Set Banpresto Japan Vintage","Lupin the Third & Jigen 7 inch Full Action Figure Set Banpresto Japan Vintage — authentic Japanese item, shipped worldwide with tracking from Sanuki Trading.","https://sanukitrading2026-hub.github.io/ebay-store/items/v1-318503196868-0.html","https://i.ebayimg.com/images/g/z2sAAeSw9JZqM~EI/s-l225.jpg","29.49 USD","in stock","new","Sanuki Trading"
"v1|318498689131|0","Dragon Ball Z Solid Edge Works Metal Cooler Figure Banpresto Bandai Japan New","Dragon Ball Z Solid Edge Works Metal Cooler Figure Banpresto Bandai Japan New — authentic Japanese item, shipped worldwide with tracking from Sanuki Trading.","https://sanukitrading2026-hub.github.io/ebay-store/items/v1-318498689131-0.html","https://i.ebayimg.com/images/g/mBwAAeSwRkZqNOzB/s-l225.jpg","29.49 USD","in stock","new","Sanuki Trading"
"v1|318496759115|0","One Piece Mega World Collectable Figure Kaido of the Beasts Set of 2 Banpresto","One Piece Mega World Collectable Figure Kaido of the Beasts Set of 2 Banpresto — authentic Japanese item, shipped worldwide with tracking from Sanuki Trading.","https://sanukitrading2026-hub.github.io/ebay-store/items/v1-318496759115-0.html","https://i.ebayimg.com/images/g/rXAAAeSwaZBp4c9y/s-l225.jpg","49.99 USD","in stock","new","Sanuki Trading"
"v1|318496597378|0","Dragon Ball Z Solid Edge Works Master Roshi Kame Sennin Banpresto Figure Japan","Dragon Ball Z Solid Edge Works Master Roshi Kame Sennin Banpresto Figure Japan — authentic Japanese item, shipped worldwide with tracking from Sanuki Trading.","https://sanukitrading2026-hub.github.io/ebay-store/items/v1-318496597378-0.html","https://i.ebayimg.com/images/g/5OEAAeSw5oRqOnag/s-l225.jpg","24.99 USD","in stock","new","Sanuki Trading"
