id,title,description,link,image_link,price,availability,condition,brand,identifier_exists,product_type
"v1|318720750986|0","Pokemon MEGA Starter Set ex 3 Deck Bundle Eevee Zoroark Meowscarada Japan NEW","Pokemon MEGA Starter Set ex 3 Deck Bundle Eevee Zoroark Meowscarada Japan NEW — authentic Japanese item, shipped worldwide with tracking from Sanuki Trading.","https://sanukitrading2026-hub.github.io/ebay-store/items/v1-318720750986-0.html","https://i.ebayimg.com/images/g/l1wAAeSwAzZqcwJW/s-l225.jpg","99.99 USD","in stock","new","Sanuki Trading","no","Trading Cards"
"v1|318452618215|0","Japanese RC Custom Van VANING Purple Radio Control Car New in Box Rare Vintage J","Japanese RC Custom Van VANING Purple Radio Control Car New in Box Rare Vintage J — authentic Japanese item, shipped worldwide with tracking from Sanuki Trading.","https://sanukitrading2026-hub.github.io/ebay-store/items/v1-318452618215-0.html","https://i.ebayimg.com/images/g/IMMAAeSwSLlqdKIs/s-l225.jpg","508.02 USD","in stock","used","Sanuki Trading","no","Japanese Collectibles"
"v1|318717631469|0","Cardfight Vanguard Formula Lights Zo=III Diocross D-PR/1738 CoroCoro Promo x2","Cardfight Vanguard Formula Lights Zo=III Diocross D-PR/1738 CoroCoro Promo x2 — authentic Japanese item, shipped worldwide with tracking from Sanuki Trading.","https://sanukitrading2026-hub.github.io/ebay-store/items/v1-318717631469-0.html","https://i.ebayimg.com/images/g/N2UAAeSwdSZqfDnD/s-l225.jpg","9.99 USD","in stock","used","Sanuki Trading","no","Trading Cards"
"v1|318657401253|0","Lupin the Third Zenigata Inspector Figure Banpresto Bandai Japan NEW 2026","Lupin the Third Zenigata Inspector Figure Banpresto Bandai Japan NEW 2026 — authentic Japanese item, shipped worldwide with tracking from Sanuki Trading.","https://sanukitrading2026-hub.github.io/ebay-store/items/v1-318657401253-0.html","https://i.ebayimg.com/images/g/flEAAeSwZnFqa1~8/s-l225.jpg","39.99 USD","in stock","new","Sanuki Trading","no","Anime Figures"
"v1|318669681171|0","Pokemon Card Japanese High Class Pack MEGA Dream ex BOX Brand New Sealed","Pokemon Card Japanese High Class Pack MEGA Dream ex BOX Brand New Sealed — authentic Japanese item, shipped worldwide with tracking from Sanuki Trading.","https://sanukitrading2026-hub.github.io/ebay-store/items/v1-318669681171-0.html","https://i.ebayimg.com/images/g/nxIAAeSwaJdqesHv/s-l225.jpg","109.99 USD","in stock","new","Sanuki Trading","no","Trading Cards"
"v1|318180609870|0","Pokemon Kecleon AR Frigibax AR Card Set Art Rare Holo Japan Official","Pokemon Kecleon AR Frigibax AR Card Set Art Rare Holo Japan Official — authentic Japanese item, shipped worldwide with tracking from Sanuki Trading.","https://sanukitrading2026-hub.github.io/ebay-store/items/v1-318180609870-0.html","https://i.ebayimg.com/images/g/PCkAAeSwY5xp5w4P/s-l225.jpg","1.49 USD","in stock","used","Sanuki Trading","no","Trading Cards"
"v1|318702054149|0","Storm Emeralda Booster Box x2 Set Pokemon Card Japanese MEGA Shrink Sealed NEW","Storm Emeralda Booster Box x2 Set Pokemon Card Japanese MEGA Shrink Sealed NEW — authentic Japanese item, shipped worldwide with tracking from Sanuki Trading.","https://sanukitrading2026-hub.github.io/ebay-store/items/v1-318702054149-0.html","https://i.ebayimg.com/images/g/Xo4AAeSwE-hqdGHb/s-l225.jpg","338.29 USD","in stock","new","Sanuki Trading","no","Trading Cards"
"v1|318158137802|0","Pokemon Pikachu Lightning Deck Case Sleeves Set Center Unopened Japan TCG Box","Pokemon Pikachu Lightning Deck Case Sleeves Set Center Unopened Japan TCG Box — authentic Japanese item, shipped worldwide with tracking from Sanuki Trading.","https://sanukitrading2026-hub.github.io/ebay-store/items/v1-318158137802-0.html","https://i.ebayimg.com/images/g/WLwAAeSwkXBp4Oq2/s-l225.jpg","22.00 USD","in stock","new","Sanuki Trading","no","Trading Cards"
"v1|318282286938|0","One Piece P.O.P Chopper Man ZOZOTOWN Limited Megahouse 2012 Figure Japan Sealed","One Piece P.O.P Chopper Man ZOZOTOWN Limited Megahouse 2012 Figure Japan Sealed — authentic Japanese item, shipped worldwide with tracking from Sanuki Trading.","https://sanukitrading2026-hub.github.io/ebay-store/items/v1-318282286938-0.html","https://i.ebayimg.com/images/g/uJgAAeSwPN5p-aSd/s-l225.jpg","49.48 USD","in stock","new","Sanuki Trading","no","Anime Figures"
"v1|318661374659|0","Pokemon MEGA Storm Emeralda Rayquaza ex 11 Packs Japanese TCG Sealed m6 NEW","Pokemon MEGA Storm Emeralda Rayquaza ex 11 Packs Japanese TCG Sealed m6 NEW — authentic Japanese item, shipped worldwide with tracking from Sanuki Trading.","https://sanukitrading2026-hub.github.io/ebay-store/items/v1-318661374659-0.html","https://i.ebayimg.com/images/g/8NEAAeSwfE5qbTxd/s-l225.jpg","37.49 USD","in stock","new","Sanuki Trading","no","Trading Cards"
"v1|318415850952|0","Banpresto Ichiban Kuji Dragon Ball Super Goku Ultra Instinct Figure A New Japan","Banpresto Ichiban Kuji Dragon Ball Super Goku Ultra Instinct Figure A New Japan — authentic Japanese item, shipped worldwide with tracking from Sanuki Trading.","https://sanukitrading2026-hub.github.io/ebay-store/items/v1-318415850952-0.html","https://i.ebayimg.com/images/g/bWEAAeSwiiVqITEi/s-l225.jpg","41.80 USD","in stock","new","Sanuki Trading","no","Anime Figures"
"v1|318584305811|0","Pokemon Center Tohoku Hiroshima Fukuoka Special BOX Set Pikachu Promo Japan NEW","Pokemon Center Tohoku Hiroshima Fukuoka Special BOX Set Pikachu Promo Japan NEW — authentic Japanese item, shipped worldwide with tracking from Sanuki Trading.","https://sanukitrading2026-hub.github.io/ebay-store/items/v1-318584305811-0.html","https://i.ebayimg.com/images/g/7KIAAeSw8KJqVvrx/s-l225.jpg","650.00 USD","in stock","new","Sanuki Trading","no","Trading Cards"
"v1|318394374227|0","Pokemon Card Japanese AR Lot Heliolisk Watchog Metang Diancie Misdreavus Holo TC","Pokemon Card Japanese AR Lot Heliolisk Watchog Metang Diancie Misdreavus Holo TC — authentic Japanese item, shipped worldwide with tracking from Sanuki Trading.","https://sanukitrading2026-hub.github.io/ebay-store/items/v1-318394374227-0.html","https://i.ebayimg.com/images/g/93kAAeSwi0lqHYie/s-l225.jpg","7.00 USD","in stock","used","Sanuki Trading","no","Trading Cards"
"v1|318264754747|0","One Piece Ichiban Kuji Marineford A Prize Fire Fist Ace Figure Banpresto Japan","One Piece Ichiban Kuji Marineford A Prize Fire Fist Ace Figure Banpresto Japan — authentic Japanese item, shipped worldwide with tracking from Sanuki Trading.","https://sanukitrading2026-hub.github.io/ebay-store/items/v1-318264754747-0.html","https://i.ebayimg.com/images/g/DYYAAeSwOT5qdKMW/s-l225.jpg","67.99 USD","in stock","new","Sanuki Trading","no","Anime Figures"
"v1|318540555647|0","One Piece Ichiban Kuji Luffy Promo Card OP13-001 Japanese Sealed Bandai NEW","One Piece Ichiban Kuji Luffy Promo Card OP13-001 Japanese Sealed Bandai NEW — authentic Japanese item, shipped worldwide with tracking from Sanuki Trading.","https://sanukitrading2026-hub.github.io/ebay-store/items/v1-318540555647-0.html","https://i.ebayimg.com/images/g/xd4AAeSwbqtqPzcW/s-l225.jpg","40.00 USD","in stock","used","Sanuki Trading","no","Trading Cards"
"v1|318149040634|0","One Piece P.O.P DX Portgas D Ace Megahouse 2010 Portrait of Pirates Figure JP","One Piece P.O.P DX Portgas D Ace Megahouse 2010 Portrait of Pirates Figure JP — authentic Japanese item, shipped worldwide with tracking from Sanuki Trading.","https://sanukitrading2026-hub.github.io/ebay-store/items/v1-318149040634-0.html","https://i.ebayimg.com/images/g/iKIAAeSwndBqdJnP/s-l225.jpg","59.49 USD","in stock","used","Sanuki Trading","no","Anime Figures"
"v1|318667549936|0","One Piece P.O.P Portrait of Pirates Portgas D Ace Megahouse 2007 Figure Japan","One Piece P.O.P Portrait of Pirates Portgas D Ace Megahouse 2007 Figure Japan — authentic Japanese item, shipped worldwide with tracking from Sanuki Trading.","https://sanukitrading2026-hub.github.io/ebay-store/items/v1-318667549936-0.html","https://i.ebayimg.com/images/g/Pt4AAeSwDCFqbyog/s-l225.jpg","98.99 USD","in stock","new","Sanuki Trading","no","Anime Figures"
"v1|318704149192|0","Pokemon Card Game MEGA Munikis Zero Booster Box Japanese Shrink M3 Nihil","Pokemon Card Game MEGA Munikis Zero Booster Box Japanese Shrink M3 Nihil — authentic Japanese item, shipped worldwide with tracking from Sanuki Trading.","https://sanukitrading2026-hub.github.io/ebay-store/items/v1-318704149192-0.html","https://i.ebayimg.com/images/g/LNUAAeSwFKNqXfZl/s-l225.jpg","77.49 USD","in stock","new","Sanuki Trading","no","Trading Cards"
"v1|318161336211|0","One Piece Master Stars Piece The Trafalgar Law MSP Banpresto Figure Japan Sealed","One Piece Master Stars Piece The Trafalgar Law MSP Banpresto Figure Japan Sealed — authentic Japanese item, shipped worldwide with tracking from Sanuki Trading.","https://sanukitrading2026-hub.github.io/ebay-store/items/v1-318161336211-0.html","https://i.ebayimg.com/images/g/-DcAAeSwFCdp4c8W/s-l225.jpg","34.19 USD","in stock","new","Sanuki Trading","no","Anime Figures"
"v1|318572256146|0","Pokemon Card Game MEGA Abyss Eye Darkrai ex 10 Packs Sealed Japanese m5 NEW","Pokemon Card Game MEGA Abyss Eye Darkrai ex 10 Packs Sealed Japanese m5 NEW — authentic Japanese item, shipped worldwide with tracking from Sanuki Trading.","https://sanukitrading2026-hub.github.io/ebay-store/items/v1-318572256146-0.html","https://i.ebayimg.com/images/g/6yAAAeSwvRxqRSLm/s-l225.jpg","19.49 USD","in stock","new","Sanuki Trading","no","Trading Cards"
"v1|318041486735|0","Pokemon Japanese SR Trainer Items 3 Card Set Mega Signal Jumbo Ice Power","Pokemon Japanese SR Trainer Items 3 Card Set Mega Signal Jumbo Ice Power — authentic Japanese item, shipped worldwide with tracking from Sanuki Trading.","https://sanukitrading2026-hub.github.io/ebay-store/items/v1-318041486735-0.html","https://i.ebayimg.com/images/g/ZRIAAeSwYghpyTep/s-l225.jpg","1.40 USD","in stock","used","Sanuki Trading","no","Trading Cards"
"v1|318269987612|0","One Piece P.O.P DX Portgas D Ace Dome Tour Limited Megahouse 2011 Figure Sealed","One Piece P.O.P DX Portgas D Ace Dome Tour Limited Megahouse 2011 Figure Sealed — authentic Japanese item, shipped worldwide with tracking from Sanuki Trading.","https://sanukitrading2026-hub.github.io/ebay-store/items/v1-318269987612-0.html","https://i.ebayimg.com/images/g/1ugAAeSwr0Np44c4/s-l225.jpg","49.00 USD","in stock","new","Sanuki Trading","no","Anime Figures"
"v1|318269995913|0","Bandai Ichiban Kuji One Piece Gear 5 Luffy Prize A Sumishikikaigi Figure NEW","Bandai Ichiban Kuji One Piece Gear 5 Luffy Prize A Sumishikikaigi Figure NEW — authentic Japanese item, shipped worldwide with tracking from Sanuki Trading.","https://sanukitrading2026-hub.github.io/ebay-store/items/v1-318269995913-0.html","https://i.ebayimg.com/images/g/vzAAAeSwjF1qc8R4/s-l225.jpg","58.49 USD","in stock","new","Sanuki Trading","no","Anime Figures"
"v1|318657811171|0","Pokemon MEGA Starter Set ex Zorua Zoroark ex Deck 60 Cards Japanese Sealed 2026","Pokemon MEGA Starter Set ex Zorua Zoroark ex Deck 60 Cards Japanese Sealed 2026 — authentic Japanese item, shipped worldwide with tracking from Sanuki Trading.","https://sanukitrading2026-hub.github.io/ebay-store/items/v1-318657811171-0.html","https://i.ebayimg.com/images/g/I5kAAeSw86VqbF~R/s-l225.jpg","44.99 USD","in stock","new","Sanuki Trading","no","Trading Cards"
"v1|318352931650|0","One Piece Card Gol D. Roger OP08-119 SEC Parallel Ace P-028 PromoJapan 2pc foil","One Piece Card Gol D. Roger OP08-119 SEC Parallel Ace P-028 PromoJapan 2pc foil — authentic Japanese item, shipped worldwide with tracking from Sanuki Trading.","https://sanukitrading2026-hub.github.io/ebay-store/items/v1-318352931650-0.html","https://i.ebayimg.com/images/g/avsAAeSwGTpqEroi/s-l225.jpg","22.00 USD","in stock","used","Sanuki Trading","no","Trading Cards"
"v1|318627214131|0","Pokemon Card GYM Promo Pack Vol.4 MEGA Japanese Sealed 5 Packs Not For Sale Rare","Pokemon Card GYM Promo Pack Vol.4 MEGA Japanese Sealed 5 Packs Not For Sale Rare — authentic Japanese item, shipped worldwide with tracking from Sanuki Trading.","https://sanukitrading2026-hub.github.io/ebay-store/items/v1-318627214131-0.html","https://i.ebayimg.com/images/g/ndkAAeSwizZqYrwD/s-l225.jpg","18.99 USD","in stock","new","Sanuki Trading","no","Trading Cards"
"v1|318143729879|0","Pokemon Card Game Japanese Deck Sleeves Pikachu Set 2 Packs 64ct Japan Official","Pokemon Card Game Japanese Deck Sleeves Pikachu Set 2 Packs 64ct Japan Official — authentic Japanese item, shipped worldwide with tracking from Sanuki Trading.","https://sanukitrading2026-hub.github.io/ebay-store/items/v1-318143729879-0.html","https://i.ebayimg.com/images/g/8-YAAeSwHFFp3PfD/s-l225.jpg","28.00 USD","in stock","used","Sanuki Trading","no","Trading Cards"
"v1|318700358941|0","Pokemon Moncolle Mega Gengar Figure Takara Tomy Japan NEW Sealed Ghost Shadow","Pokemon Moncolle Mega Gengar Figure Takara Tomy Japan NEW Sealed Ghost Shadow — authentic Japanese item, shipped worldwide with tracking from Sanuki Trading.","https://sanukitrading2026-hub.github.io/ebay-store/items/v1-318700358941-0.html","https://i.ebayimg.com/images/g/PeMAAeSwk-9qddk3/s-l225.jpg","15.00 USD","in stock","new","Sanuki Trading","no","Trading Cards"
"v1|318413209920|0","Vintage 1990s Pokemon Pocket Monster Gold Coin Set Eevee Lapras Japan Official 2","Vintage 1990s Pokemon Pocket Monster Gold Coin Set Eevee Lapras Japan Official 2 — authentic Japanese item, shipped worldwide with tracking from Sanuki Trading.","https://sanukitrading2026-hub.github.io/ebay-store/items/v1-318413209920-0.html","https://i.ebayimg.com/images/g/r4wAAeSwqfVqIq7H/s-l225.jpg","32.34 USD","in stock","used","Sanuki Trading","no","Trading Cards"
"v1|318707731848|0","Pokemon Pikachu 30th Anniversary Talking Plush Poke Fuwa Takara Tomy Japan New","Pokemon Pikachu 30th Anniversary Talking Plush Poke Fuwa Takara Tomy Japan New — authentic Japanese item, shipped worldwide with tracking from Sanuki Trading.","https://sanukitrading2026-hub.github.io/ebay-store/items/v1-318707731848-0.html","https://i.ebayimg.com/images/g/Fs4AAeSwKTRqeeyu/s-l225.jpg","38.00 USD","in stock","new","Sanuki Trading","no","Trading Cards"
"v1|318588704472|0","Pokemon Card PSA 10 Gengar ex #003/021 MEGA Japanese Starter Set MBG Graded 2025","Pokemon Card PSA 10 Gengar ex #003/021 MEGA Japanese Starter Set MBG Graded 2025 — authentic Japanese item, shipped worldwide with tracking from Sanuki Trading.","https://sanukitrading2026-hub.github.io/ebay-store/items/v1-318588704472-0.html","https://i.ebayimg.com/images/g/dCoAAeSwl85qWCne/s-l225.jpg","57.49 USD","in stock","used","Sanuki Trading","no","Trading Cards"
"v1|318149091973|0","One Piece P.O.P DX Monkey D Luffy Megahouse 2010 Portrait of Pirates Figure JP","One Piece P.O.P DX Monkey D Luffy Megahouse 2010 Portrait of Pirates Figure JP — authentic Japanese item, shipped worldwide with tracking from Sanuki Trading.","https://sanukitrading2026-hub.github.io/ebay-store/items/v1-318149091973-0.html","https://i.ebayimg.com/images/g/fZsAAeSwL~NqdJjH/s-l225.jpg","59.49 USD","in stock","used","Sanuki Trading","no","Anime Figures"
"v1|318151964227|0","Pokemon Japanese Trainer Holo Lot x6 SR NM Set","Pokemon Japanese Trainer Holo Lot x6 SR NM Set — authentic Japanese item, shipped worldwide with tracking from Sanuki Trading.","https://sanukitrading2026-hub.github.io/ebay-store/items/v1-318151964227-0.html","https://i.ebayimg.com/images/g/62MAAeSw--9p3wYW/s-l225.jpg","6.00 USD","in stock","used","Sanuki Trading","no","Trading Cards"
"v1|318522318281|0","Pokemon TCG Start Deck 100 Battle Collection Japanese Sealed x2 New","Pokemon TCG Start Deck 100 Battle Collection Japanese Sealed x2 New — authentic Japanese item, shipped worldwide with tracking from Sanuki Trading.","https://sanukitrading2026-hub.github.io/ebay-store/items/v1-318522318281-0.html","https://i.ebayimg.com/images/g/tOMAAeSwf9FqN6Nd/s-l225.jpg","59.00 USD","in stock","new","Sanuki Trading","no","Trading Cards"
"v1|318196774741|0","One Piece Card Lot Luffy Kid Kuzan Gum Gum JET Gatling Giant Japanese SR Set 4","One Piece Card Lot Luffy Kid Kuzan Gum Gum JET Gatling Giant Japanese SR Set 4 — authentic Japanese item, shipped worldwide with tracking from Sanuki Trading.","https://sanukitrading2026-hub.github.io/ebay-store/items/v1-318196774741-0.html","https://i.ebayimg.com/images/g/AR0AAeSwTrRqeyE4/s-l225.jpg","2.00 USD","in stock","used","Sanuki Trading","no","Trading Cards"
"v1|318185928896|0","Pokemon Card Game XY MEGA Ninja Spinner Booster 10 Packs Set Japanese Sealed","Pokemon Card Game XY MEGA Ninja Spinner Booster 10 Packs Set Japanese Sealed — authentic Japanese item, shipped worldwide with tracking from Sanuki Trading.","https://sanukitrading2026-hub.github.io/ebay-store/items/v1-318185928896-0.html","https://i.ebayimg.com/images/g/WzYAAeSwYudp3PhC/s-l225.jpg","27.07 USD","in stock","new","Sanuki Trading","no","Trading Cards"
"v1|318621780916|0","One Piece Card Game OP-16 The Time of Battle 8 Packs Set Japanese Sealed","One Piece Card Game OP-16 The Time of Battle 8 Packs Set Japanese Sealed — authentic Japanese item, shipped worldwide with tracking from Sanuki Trading.","https://sanukitrading2026-hub.github.io/ebay-store/items/v1-318621780916-0.html","https://i.ebayimg.com/images/g/~34AAeSwsJVqe7jy/s-l225.jpg","24.99 USD","in stock","new","Sanuki Trading","no","Trading Cards"
"v1|318284806263|0","One Piece P.O.P Strong Edition Portgas D Ace Megahouse 2011 Figure Japan Sealed","One Piece P.O.P Strong Edition Portgas D Ace Megahouse 2011 Figure Japan Sealed — authentic Japanese item, shipped worldwide with tracking from Sanuki Trading.","https://sanukitrading2026-hub.github.io/ebay-store/items/v1-318284806263-0.html","https://i.ebayimg.com/images/g/SX4AAeSwVjtqdKBq/s-l225.jpg","84.00 USD","in stock","new","Sanuki Trading","no","Anime Figures"
"v1|318389284792|0","Tung Tung Sahur Holographic Card Set 6 Custom Trading Cards Brainrot Meme","Tung Tung Sahur Holographic Card Set 6 Custom Trading Cards Brainrot Meme — authentic Japanese item, shipped worldwide with tracking from Sanuki Trading.","https://sanukitrading2026-hub.github.io/ebay-store/items/v1-318389284792-0.html","https://i.ebayimg.com/images/g/LHEAAeSw4UBqHDnT/s-l225.jpg","37.99 USD","in stock","used","Sanuki Trading","no","Trading Cards"
"v1|318360624717|0","Banpresto One Piece BWFC Super Master Stars Piece Portgas D Ace The Tones C New","Banpresto One Piece BWFC Super Master Stars Piece Portgas D Ace The Tones C New — authentic Japanese item, shipped worldwide with tracking from Sanuki Trading.","https://sanukitrading2026-hub.github.io/ebay-store/items/v1-318360624717-0.html","https://i.ebayimg.com/images/g/pDoAAeSwt4FqbyeC/s-l225.jpg","165.77 USD","in stock","new","Sanuki Trading","no","Anime Figures"
"v1|318041971755|0","Pokemon ACE SPEC Set Master Ball Maximum Belt Scoop Up Cyclone Japanese Lot 4","Pokemon ACE SPEC Set Master Ball Maximum Belt Scoop Up Cyclone Japanese Lot 4 — authentic Japanese item, shipped worldwide with tracking from Sanuki Trading.","https://sanukitrading2026-hub.github.io/ebay-store/items/v1-318041971755-0.html","https://i.ebayimg.com/images/g/JsgAAeSws3NqeyDQ/s-l225.jpg","1.49 USD","in stock","used","Sanuki Trading","no","Trading Cards"
"v1|318347826826|0","Pokemon Genesect ex SR 164/086 & Revavroom ex SR 078/064 Japanese Card Set","Pokemon Genesect ex SR 164/086 & Revavroom ex SR 078/064 Japanese Card Set — authentic Japanese item, shipped worldwide with tracking from Sanuki Trading.","https://sanukitrading2026-hub.github.io/ebay-store/items/v1-318347826826-0.html","https://i.ebayimg.com/images/g/zRoAAeSwWxpp5w-N/s-l225.jpg","2.00 USD","in stock","used","Sanuki Trading","no","Trading Cards"
"v1|318604520314|0","One Piece Card Game Whitebeard Luffy Ace Sabo Shanks Uta 6 Card Set Japanese","One Piece Card Game Whitebeard Luffy Ace Sabo Shanks Uta 6 Card Set Japanese — authentic Japanese item, shipped worldwide with tracking from Sanuki Trading.","https://sanukitrading2026-hub.github.io/ebay-store/items/v1-318604520314-0.html","https://i.ebayimg.com/images/g/dwQAAeSwrhNqXJwC/s-l225.jpg","1.29 USD","in stock","used","Sanuki Trading","no","Trading Cards"
"v1|318185495292|0","Pokemon Lt Surge's Strategy SR Dottler Appletun AR Japanese Card Set Scarlet","Pokemon Lt Surge's Strategy SR Dottler Appletun AR Japanese Card Set Scarlet — authentic Japanese item, shipped worldwide with tracking from Sanuki Trading.","https://sanukitrading2026-hub.github.io/ebay-store/items/v1-318185495292-0.html","https://i.ebayimg.com/images/g/~BoAAeSwvb1p5433/s-l225.jpg","6.64 USD","in stock","used","Sanuki Trading","no","Trading Cards"
"v1|318684702381|0","Pokemon Card Japanese High Class Pack MEGA DREAM ex - Brand New Sealed","Pokemon Card Japanese High Class Pack MEGA DREAM ex - Brand New Sealed — authentic Japanese item, shipped worldwide with tracking from Sanuki Trading.","https://sanukitrading2026-hub.github.io/ebay-store/items/v1-318684702381-0.html","https://i.ebayimg.com/images/g/~SQAAeSwihxqcSc4/s-l225.jpg","1.70 USD","in stock","new","Sanuki Trading","no","Trading Cards"
"v1|318187635999|0","One Piece Ichiban Kuji Egghead Luffy Gear 5 Masterlise Expiece A Prize Sealed","One Piece Ichiban Kuji Egghead Luffy Gear 5 Masterlise Expiece A Prize Sealed — authentic Japanese item, shipped worldwide with tracking from Sanuki Trading.","https://sanukitrading2026-hub.github.io/ebay-store/items/v1-318187635999-0.html","https://i.ebayimg.com/images/g/uk8AAeSwTFBp6N~j/s-l225.jpg","34.00 USD","in stock","new","Sanuki Trading","no","Anime Figures"
"v1|318528561863|0","One Piece P.O.P Portrait of Pirates Shanks Megahouse 2008 Excellent Model Figure","One Piece P.O.P Portrait of Pirates Shanks Megahouse 2008 Excellent Model Figure — authentic Japanese item, shipped worldwide with tracking from Sanuki Trading.","https://sanukitrading2026-hub.github.io/ebay-store/items/v1-318528561863-0.html","https://i.ebayimg.com/images/g/-44AAeSwFW1qdKFq/s-l225.jpg","99.99 USD","in stock","new","Sanuki Trading","no","Anime Figures"
"v1|318139517847|0","One Piece Master Stars Piece The Sabo Special Ver MSP Banpresto Figure Japan","One Piece Master Stars Piece The Sabo Special Ver MSP Banpresto Figure Japan — authentic Japanese item, shipped worldwide with tracking from Sanuki Trading.","https://sanukitrading2026-hub.github.io/ebay-store/items/v1-318139517847-0.html","https://i.ebayimg.com/images/g/zSUAAeSwgcVp25IP/s-l225.jpg","42.74 USD","in stock","new","Sanuki Trading","no","Anime Figures"
"v1|318726275198|0","One Piece Card Game OP-08 Two Legends Booster Pack Japanese Whitebeard Sealed","One Piece Card Game OP-08 Two Legends Booster Pack Japanese Whitebeard Sealed — authentic Japanese item, shipped worldwide with tracking from Sanuki Trading.","https://sanukitrading2026-hub.github.io/ebay-store/items/v1-318726275198-0.html","https://i.ebayimg.com/images/g/v7AAAeSwJ2dqfD1d/s-l225.jpg","6.00 USD","in stock","new","Sanuki Trading","no","Trading Cards"
"v1|318251267709|0","One Piece Ichiban Kuji Sabo Masterlise B Prize Revolution Flame Figure Japan","One Piece Ichiban Kuji Sabo Masterlise B Prize Revolution Flame Figure Japan — authentic Japanese item, shipped worldwide with tracking from Sanuki Trading.","https://sanukitrading2026-hub.github.io/ebay-store/items/v1-318251267709-0.html","https://i.ebayimg.com/images/g/ungAAeSw44Jp62LL/s-l225.jpg","57.28 USD","in stock","new","Sanuki Trading","no","Anime Figures"
"v1|318349223169|0","One Piece BWFC Marco Figure Banpresto World Figure Colosseum Special Japan New","One Piece BWFC Marco Figure Banpresto World Figure Colosseum Special Japan New — authentic Japanese item, shipped worldwide with tracking from Sanuki Trading.","https://sanukitrading2026-hub.github.io/ebay-store/items/v1-318349223169-0.html","https://i.ebayimg.com/images/g/WLIAAeSwJVdp3PgF/s-l225.jpg","14.99 USD","in stock","new","Sanuki Trading","no","Anime Figures"
"v1|318301372926|0","Ichiban Kuji ONE PIECE Dramatic Memories Kuma Bonney Prize B Revible Moment NEW","Ichiban Kuji ONE PIECE Dramatic Memories Kuma Bonney Prize B Revible Moment NEW — authentic Japanese item, shipped worldwide with tracking from Sanuki Trading.","https://sanukitrading2026-hub.github.io/ebay-store/items/v1-318301372926-0.html","https://i.ebayimg.com/images/g/NLoAAeSweFVqBH9Z/s-l225.jpg","29.99 USD","in stock","new","Sanuki Trading","no","Anime Figures"
"v1|318347825230|0","Pokemon Card Lot Lurantis ex Rampardos ex Mega Chandelure ex SR AR RR Japanese","Pokemon Card Lot Lurantis ex Rampardos ex Mega Chandelure ex SR AR RR Japanese — authentic Japanese item, shipped worldwide with tracking from Sanuki Trading.","https://sanukitrading2026-hub.github.io/ebay-store/items/v1-318347825230-0.html","https://i.ebayimg.com/images/g/JWQAAeSwxYdqEWXz/s-l225.jpg","12.82 USD","in stock","used","Sanuki Trading","no","Trading Cards"
"v1|318710461695|0","Pokemon Card Game MEGA Inferno X Charizard X ex 4 Packs Sealed Japanese m2 NEW","Pokemon Card Game MEGA Inferno X Charizard X ex 4 Packs Sealed Japanese m2 NEW — authentic Japanese item, shipped worldwide with tracking from Sanuki Trading.","https://sanukitrading2026-hub.github.io/ebay-store/items/v1-318710461695-0.html","https://i.ebayimg.com/images/g/xXEAAeSwVf1qefCV/s-l225.jpg","11.00 USD","in stock","new","Sanuki Trading","no","Trading Cards"
"v1|318529156639|0","Pokemon Japanese M5 Abyss Eye Booster Pack Lot x5 Sealed Unopened Mega Darkrai","Pokemon Japanese M5 Abyss Eye Booster Pack Lot x5 Sealed Unopened Mega Darkrai — authentic Japanese item, shipped worldwide with tracking from Sanuki Trading.","https://sanukitrading2026-hub.github.io/ebay-store/items/v1-318529156639-0.html","https://i.ebayimg.com/images/g/KmQAAeSwGspqRSKf/s-l225.jpg","11.00 USD","in stock","new","Sanuki Trading","no","Trading Cards"
"v1|318645569641|0","ONE PIECE Theorama Soul Roronoa Zoro Figure Banpresto Bandai NEW Japan Jul 2026","ONE PIECE Theorama Soul Roronoa Zoro Figure Banpresto Bandai NEW Japan Jul 2026 — authentic Japanese item, shipped worldwide with tracking from Sanuki Trading.","https://sanukitrading2026-hub.github.io/ebay-store/items/v1-318645569641-0.html","https://i.ebayimg.com/images/g/yQwAAeSw2AdqaGrs/s-l225.jpg","28.49 USD","in stock","new","Sanuki Trading","no","Anime Figures"
"v1|318493333239|0","Pokemon Card Japanese Muku SR 111/081 Abyss Eye Trainer Support Holo Rare NM","Pokemon Card Japanese Muku SR 111/081 Abyss Eye Trainer Support Holo Rare NM — authentic Japanese item, shipped worldwide with tracking from Sanuki Trading.","https://sanukitrading2026-hub.github.io/ebay-store/items/v1-318493333239-0.html","https://i.ebayimg.com/images/g/8YkAAeSwsv9qOj1c/s-l225.jpg","29.00 USD","in stock","used","Sanuki Trading","no","Trading Cards"
"v1|318391509558|0","One Piece BWFC Super Master Stars Piece Roronoa Zoro Figure Banpresto Japan SMSP","One Piece BWFC Super Master Stars Piece Roronoa Zoro Figure Banpresto Japan SMSP — authentic Japanese item, shipped worldwide with tracking from Sanuki Trading.","https://sanukitrading2026-hub.github.io/ebay-store/items/v1-318391509558-0.html","https://i.ebayimg.com/images/g/-vYAAeSw7EhqbyZo/s-l225.jpg","127.58 USD","in stock","new","Sanuki Trading","no","Anime Figures"
"v1|318296021779|0","Pokemon Zacian AR 087/080 & Flygon AR 088/080 Japanese Card Set Art Rare Holo","Pokemon Zacian AR 087/080 & Flygon AR 088/080 Japanese Card Set Art Rare Holo — authentic Japanese item, shipped worldwide with tracking from Sanuki Trading.","https://sanukitrading2026-hub.github.io/ebay-store/items/v1-318296021779-0.html","https://i.ebayimg.com/images/g/IFsAAeSwPmNqAtts/s-l225.jpg","11.87 USD","in stock","used","Sanuki Trading","no","Trading Cards"
"v1|318666033366|0","Pokemon Card Game Scarlet Violet Glory of Team Rocket sv10 Booster Pack Japanese","Pokemon Card Game Scarlet Violet Glory of Team Rocket sv10 Booster Pack Japanese — authentic Japanese item, shipped worldwide with tracking from Sanuki Trading.","https://sanukitrading2026-hub.github.io/ebay-store/items/v1-318666033366-0.html","https://i.ebayimg.com/images/g/73sAAeSw-1dqagfU/s-l225.jpg","2.00 USD","in stock","new","Sanuki Trading","no","Trading Cards"
"v1|318675110051|0","One Piece Shanks Ichiban Kuji Film Red Last One Prize Metallic Ver Figure Japan","One Piece Shanks Ichiban Kuji Film Red Last One Prize Metallic Ver Figure Japan — authentic Japanese item, shipped worldwide with tracking from Sanuki Trading.","https://sanukitrading2026-hub.github.io/ebay-store/items/v1-318675110051-0.html","https://i.ebayimg.com/images/g/RLIAAeSwAQ9qc8YD/s-l225.jpg","42.29 USD","in stock","new","Sanuki Trading","no","Anime Figures"
"v1|318157818504|0","Pokemon Vulpix AR 067/063 & Drapion AR 090/080 Japanese Card Set Art Rare Holo","Pokemon Vulpix AR 067/063 & Drapion AR 090/080 Japanese Card Set Art Rare Holo — authentic Japanese item, shipped worldwide with tracking from Sanuki Trading.","https://sanukitrading2026-hub.github.io/ebay-store/items/v1-318157818504-0.html","https://i.ebayimg.com/images/g/gGgAAeSwQ-Np3P98/s-l225.jpg","9.21 USD","in stock","used","Sanuki Trading","no","Trading Cards"
"v1|318386946701|0","Ichiban Kuji One Piece Unbreakable Law Trafalgar Law Prize A Masterlise Figure","Ichiban Kuji One Piece Unbreakable Law Trafalgar Law Prize A Masterlise Figure — authentic Japanese item, shipped worldwide with tracking from Sanuki Trading.","https://sanukitrading2026-hub.github.io/ebay-store/items/v1-318386946701-0.html","https://i.ebayimg.com/images/g/YUUAAeSwBKJp~fN3/s-l225.jpg","44.49 USD","in stock","new","Sanuki Trading","no","Anime Figures"
"v1|318236746358|0","Pokemon Center Tohoku Pikachu Festival Deck Sleeves Set of 3 x64 Japan New","Pokemon Center Tohoku Pikachu Festival Deck Sleeves Set of 3 x64 Japan New — authentic Japanese item, shipped worldwide with tracking from Sanuki Trading.","https://sanukitrading2026-hub.github.io/ebay-store/items/v1-318236746358-0.html","https://i.ebayimg.com/images/g/8j0AAeSwvb1p72R~/s-l225.jpg","47.02 USD","in stock","new","Sanuki Trading","no","Trading Cards"
"v1|318391570074|0","Pokemon Starter Set MEGA Mega Gengar ex Japanese Sealed Deck 60 Cards MBG Japan","Pokemon Starter Set MEGA Mega Gengar ex Japanese Sealed Deck 60 Cards MBG Japan — authentic Japanese item, shipped worldwide with tracking from Sanuki Trading.","https://sanukitrading2026-hub.github.io/ebay-store/items/v1-318391570074-0.html","https://i.ebayimg.com/images/g/oWMAAeSwSLlqe7eD/s-l225.jpg","32.00 USD","in stock","new","Sanuki Trading","no","Trading Cards"
"v1|318632465495|0","Chiikawa x McDonalds Happy Set Toy Figure Hachiware Usagi Japan Limited Set 2","Chiikawa x McDonalds Happy Set Toy Figure Hachiware Usagi Japan Limited Set 2 — authentic Japanese item, shipped worldwide with tracking from Sanuki Trading.","https://sanukitrading2026-hub.github.io/ebay-store/items/v1-318632465495-0.html","https://i.ebayimg.com/images/g/0soAAeSwYvFqUi~C/s-l225.jpg","4.99 USD","in stock","used","Sanuki Trading","no","Anime Figures"
"v1|318152179486|0","Pokemon Nemona SR Lumiose City Mystery Garden Japanese Stadium Card Set Lot 4 SR","Pokemon Nemona SR Lumiose City Mystery Garden Japanese Stadium Card Set Lot 4 SR — authentic Japanese item, shipped worldwide with tracking from Sanuki Trading.","https://sanukitrading2026-hub.github.io/ebay-store/items/v1-318152179486-0.html","https://i.ebayimg.com/images/g/a3YAAeSw7LFp3wxV/s-l225.jpg","8.54 USD","in stock","used","Sanuki Trading","no","Trading Cards"
"v1|318410853279|0","Ichiban Kuji Dragon Ball Super Broly Super Saiyan Figure Prize B Bandai New","Ichiban Kuji Dragon Ball Super Broly Super Saiyan Figure Prize B Bandai New — authentic Japanese item, shipped worldwide with tracking from Sanuki Trading.","https://sanukitrading2026-hub.github.io/ebay-store/items/v1-318410853279-0.html","https://i.ebayimg.com/images/g/kAQAAeSwOS1qIS8D/s-l225.jpg","68.87 USD","in stock","new","Sanuki Trading","no","Anime Figures"
"v1|318635278554|0","ONE PIECE Card Game OP-16 The Battle Begins Booster Pack 3 Pack Set Japanese","ONE PIECE Card Game OP-16 The Battle Begins Booster Pack 3 Pack Set Japanese — authentic Japanese item, shipped worldwide with tracking from Sanuki Trading.","https://sanukitrading2026-hub.github.io/ebay-store/items/v1-318635278554-0.html","https://i.ebayimg.com/images/g/5uUAAeSwg3Nqe7aK/s-l225.jpg","18.00 USD","in stock","new","Sanuki Trading","no","Trading Cards"
"v1|318456797692|0","Pokemon Japanese SR CHR Lot 4 Cards Team Rocket Receiver Counter Gain Glass Jynx","Pokemon Japanese SR CHR Lot 4 Cards Team Rocket Receiver Counter Gain Glass Jynx — authentic Japanese item, shipped worldwide with tracking from Sanuki Trading.","https://sanukitrading2026-hub.github.io/ebay-store/items/v1-318456797692-0.html","https://i.ebayimg.com/images/g/~vgAAeSwzvpqHYoe/s-l225.jpg","6.17 USD","in stock","used","Sanuki Trading","no","Trading Cards"
"v1|318399001730|0","Ichiban Kuji ONE PIECE Emotional Stories 2 Chopper Hiriluk Prize B NEW JAPAN","Ichiban Kuji ONE PIECE Emotional Stories 2 Chopper Hiriluk Prize B NEW JAPAN — authentic Japanese item, shipped worldwide with tracking from Sanuki Trading.","https://sanukitrading2026-hub.github.io/ebay-store/items/v1-318399001730-0.html","https://i.ebayimg.com/images/g/-RUAAeSwDPJqBH7-/s-l225.jpg","45.08 USD","in stock","new","Sanuki Trading","no","Anime Figures"
"v1|318152874475|0","Pokemon Kieran Carmine SR Team Rocket Transceiver Japanese Card Set Scarlet Lot ","Pokemon Kieran Carmine SR Team Rocket Transceiver Japanese Card Set Scarlet Lot  — authentic Japanese item, shipped worldwide with tracking from Sanuki Trading.","https://sanukitrading2026-hub.github.io/ebay-store/items/v1-318152874475-0.html","https://i.ebayimg.com/images/g/EXYAAeSw0Ulp3wwh/s-l225.jpg","11.11 USD","in stock","used","Sanuki Trading","no","Trading Cards"
"v1|318421855978|0","Pokemon Japanese Nymble AR 067/106 Beautifly AR 194/193 Card Set Scarlet Violet","Pokemon Japanese Nymble AR 067/106 Beautifly AR 194/193 Card Set Scarlet Violet — authentic Japanese item, shipped worldwide with tracking from Sanuki Trading.","https://sanukitrading2026-hub.github.io/ebay-store/items/v1-318421855978-0.html","https://i.ebayimg.com/images/g/6uEAAeSwtZBqAtwt/s-l225.jpg","6.65 USD","in stock","used","Sanuki Trading","no","Trading Cards"
"v1|318152074628|0","Pokemon Akamatsu Ultra Ball SR & Glass Trumpet SR x2 Japanese Card Set Lot of 4","Pokemon Akamatsu Ultra Ball SR & Glass Trumpet SR x2 Japanese Card Set Lot of 4 — authentic Japanese item, shipped worldwide with tracking from Sanuki Trading.","https://sanukitrading2026-hub.github.io/ebay-store/items/v1-318152074628-0.html","https://i.ebayimg.com/images/g/1lwAAeSwKnpp3xEl/s-l225.jpg","9.49 USD","in stock","used","Sanuki Trading","no","Trading Cards"
"v1|318181306677|0","Surfing Beach 112/083 Forest of Vigor 109/080 Mirror Holo Set Pokemon Card Japan","Surfing Beach 112/083 Forest of Vigor 109/080 Mirror Holo Set Pokemon Card Japan — authentic Japanese item, shipped worldwide with tracking from Sanuki Trading.","https://sanukitrading2026-hub.github.io/ebay-store/items/v1-318181306677-0.html","https://i.ebayimg.com/images/g/o3YAAeSwEpNp5xCE/s-l225.jpg","5.12 USD","in stock","used","Sanuki Trading","no","Trading Cards"
"v1|318407685743|0","One Piece Battle Record Collection Garp Gol D Roger Rayleigh Figure Set of 3 New","One Piece Battle Record Collection Garp Gol D Roger Rayleigh Figure Set of 3 New — authentic Japanese item, shipped worldwide with tracking from Sanuki Trading.","https://sanukitrading2026-hub.github.io/ebay-store/items/v1-318407685743-0.html","https://i.ebayimg.com/images/g/ddoAAeSwiiVqITIq/s-l225.jpg","58.49 USD","in stock","new","Sanuki Trading","no","Anime Figures"
"v1|318492623486|0","One Piece DXF Jeans Freak Vol 4 Trafalgar Law Figure Banpresto Japan New Sealed","One Piece DXF Jeans Freak Vol 4 Trafalgar Law Figure Banpresto Japan New Sealed — authentic Japanese item, shipped worldwide with tracking from Sanuki Trading.","https://sanukitrading2026-hub.github.io/ebay-store/items/v1-318492623486-0.html","https://i.ebayimg.com/images/g/JwYAAeSwCrJp2KiI/s-l225.jpg","19.49 USD","in stock","new","Sanuki Trading","no","Anime Figures"
"v1|318707787276|0","MegaHouse One Piece P.O.P DX Trafalgar Law Figure Excellent Model Series NEW","MegaHouse One Piece P.O.P DX Trafalgar Law Figure Excellent Model Series NEW — authentic Japanese item, shipped worldwide with tracking from Sanuki Trading.","https://sanukitrading2026-hub.github.io/ebay-store/items/v1-318707787276-0.html","https://i.ebayimg.com/images/g/MDMAAeSwvFVqdKQW/s-l225.jpg","80.00 USD","in stock","new","Sanuki Trading","no","Anime Figures"
"v1|318172173094|0","Pokemon Kutsurogi Time Pikachu & Pichu Figure Banpresto Japan New Relax","Pokemon Kutsurogi Time Pikachu & Pichu Figure Banpresto Japan New Relax — authentic Japanese item, shipped worldwide with tracking from Sanuki Trading.","https://sanukitrading2026-hub.github.io/ebay-store/items/v1-318172173094-0.html","https://i.ebayimg.com/images/g/iv8AAeSwZB9qc8Vd/s-l225.jpg","34.19 USD","in stock","new","Sanuki Trading","no","Trading Cards"
"v1|318492621498|0","One Piece Sabo Banpresto Figure Colosseum China Championship Winner Japan New","One Piece Sabo Banpresto Figure Colosseum China Championship Winner Japan New — authentic Japanese item, shipped worldwide with tracking from Sanuki Trading.","https://sanukitrading2026-hub.github.io/ebay-store/items/v1-318492621498-0.html","https://i.ebayimg.com/images/g/HDMAAeSw8iBp2Kgz/s-l225.jpg","19.49 USD","in stock","new","Sanuki Trading","no","Anime Figures"
"v1|318634211417|0","ONE PIECE Battle Record Collection Luffy Gear 5 Nika Figure Banpresto Japan NEW","ONE PIECE Battle Record Collection Luffy Gear 5 Nika Figure Banpresto Japan NEW — authentic Japanese item, shipped worldwide with tracking from Sanuki Trading.","https://sanukitrading2026-hub.github.io/ebay-store/items/v1-318634211417-0.html","https://i.ebayimg.com/images/g/8EgAAeSwxMpqXD5i/s-l225.jpg","19.99 USD","in stock","new","Sanuki Trading","no","Anime Figures"
"v1|318498689131|0","Dragon Ball Z Solid Edge Works Metal Cooler Figure Banpresto Bandai Japan New","Dragon Ball Z Solid Edge Works Metal Cooler Figure Banpresto Bandai Japan New — authentic Japanese item, shipped worldwide with tracking from Sanuki Trading.","https://sanukitrading2026-hub.github.io/ebay-store/items/v1-318498689131-0.html","https://i.ebayimg.com/images/g/mBwAAeSwRkZqNOzB/s-l225.jpg","29.49 USD","in stock","new","Sanuki Trading","no","Anime Figures"
"v1|318695605342|0","One Piece Grandista Marshall D Teach Blackbeard Figure Banpresto Bandai NEW 2026","One Piece Grandista Marshall D Teach Blackbeard Figure Banpresto Bandai NEW 2026 — authentic Japanese item, shipped worldwide with tracking from Sanuki Trading.","https://sanukitrading2026-hub.github.io/ebay-store/items/v1-318695605342-0.html","https://i.ebayimg.com/images/g/uaEAAeSwAzZqdEzx/s-l225.jpg","31.49 USD","in stock","new","Sanuki Trading","no","Anime Figures"
"v1|318576162209|0","One Piece Card Game Ichiban Kuji A Prize Luffy Figure Promo Card OP13-001 Japan","One Piece Card Game Ichiban Kuji A Prize Luffy Figure Promo Card OP13-001 Japan — authentic Japanese item, shipped worldwide with tracking from Sanuki Trading.","https://sanukitrading2026-hub.github.io/ebay-store/items/v1-318576162209-0.html","https://i.ebayimg.com/images/g/J38AAeSwLLxqPjm~/s-l225.jpg","122.00 USD","in stock","new","Sanuki Trading","no","Trading Cards"
"v1|318434047196|0","Pokemon Card Rayquaza 127/193 R Holo Japanese M2a 2025 NM Scarlet Violet","Pokemon Card Rayquaza 127/193 R Holo Japanese M2a 2025 NM Scarlet Violet — authentic Japanese item, shipped worldwide with tracking from Sanuki Trading.","https://sanukitrading2026-hub.github.io/ebay-store/items/v1-318434047196-0.html","https://i.ebayimg.com/images/g/WZwAAeSwRkdqKNB5/s-l225.jpg","0.99 USD","in stock","used","Sanuki Trading","no","Trading Cards"
"v1|318675084393|0","Ichiban Kuji Dragon Ball Dragon History Son Goku vs Piccolo Jr Figure Prize A","Ichiban Kuji Dragon Ball Dragon History Son Goku vs Piccolo Jr Figure Prize A — authentic Japanese item, shipped worldwide with tracking from Sanuki Trading.","https://sanukitrading2026-hub.github.io/ebay-store/items/v1-318675084393-0.html","https://i.ebayimg.com/images/g/5dUAAeSwDF1qXD3W/s-l225.jpg","57.49 USD","in stock","new","Sanuki Trading","no","Anime Figures"
"v1|318603632687|0","McDonalds Super Mario Galaxy Movie 2026 Happy Meal Birdo Bowser Jr Luma Toy Set","McDonalds Super Mario Galaxy Movie 2026 Happy Meal Birdo Bowser Jr Luma Toy Set — authentic Japanese item, shipped worldwide with tracking from Sanuki Trading.","https://sanukitrading2026-hub.github.io/ebay-store/items/v1-318603632687-0.html","https://i.ebayimg.com/images/g/iCIAAeSwXM9qUi66/s-l225.jpg","4.49 USD","in stock","used","Sanuki Trading","no","Japanese Collectibles"
"v1|318492660789|0","One Piece Ichiban Kuji Red Hair Shanks Masterlise A Prize Figure Lot Set Japan","One Piece Ichiban Kuji Red Hair Shanks Masterlise A Prize Figure Lot Set Japan — authentic Japanese item, shipped worldwide with tracking from Sanuki Trading.","https://sanukitrading2026-hub.github.io/ebay-store/items/v1-318492660789-0.html","https://i.ebayimg.com/images/g/zUQAAeSwceFqKSCB/s-l225.jpg","122.49 USD","in stock","new","Sanuki Trading","no","Anime Figures"
"v1|318602919367|0","Pokemon Mega Get Arcade Prize Cards Miraidon Armarouge Quaxly Skarmory Japan Set","Pokemon Mega Get Arcade Prize Cards Miraidon Armarouge Quaxly Skarmory Japan Set — authentic Japanese item, shipped worldwide with tracking from Sanuki Trading.","https://sanukitrading2026-hub.github.io/ebay-store/items/v1-318602919367-0.html","https://i.ebayimg.com/images/g/b48AAeSwxMpqWkcQ/s-l225.jpg","12.49 USD","in stock","used","Sanuki Trading","no","Trading Cards"
"v1|318695693344|0","One Piece Grandista Monkey D Luffy Gear 5 Nika III Figure Banpresto Bandai NEW","One Piece Grandista Monkey D Luffy Gear 5 Nika III Figure Banpresto Bandai NEW — authentic Japanese item, shipped worldwide with tracking from Sanuki Trading.","https://sanukitrading2026-hub.github.io/ebay-store/items/v1-318695693344-0.html","https://i.ebayimg.com/images/g/VhMAAeSwKs5qdEyo/s-l225.jpg","22.49 USD","in stock","new","Sanuki Trading","no","Anime Figures"
"v1|318412791144|0","Dragon Ball Z Gold Medal Coin Movie Theater Limited Japan Rare Vintage Trunks","Dragon Ball Z Gold Medal Coin Movie Theater Limited Japan Rare Vintage Trunks — authentic Japanese item, shipped worldwide with tracking from Sanuki Trading.","https://sanukitrading2026-hub.github.io/ebay-store/items/v1-318412791144-0.html","https://i.ebayimg.com/images/g/1ssAAeSwFFlqIq5F/s-l225.jpg","49.00 USD","in stock","used","Sanuki Trading","no","Japanese Collectibles"
"v1|318074103971|0","Pokemon Card Yukari SR 108/080 m3 Japanese Trainer Scarlet Violet NM Holo","Pokemon Card Yukari SR 108/080 m3 Japanese Trainer Scarlet Violet NM Holo — authentic Japanese item, shipped worldwide with tracking from Sanuki Trading.","https://sanukitrading2026-hub.github.io/ebay-store/items/v1-318074103971-0.html","https://i.ebayimg.com/images/g/I4IAAeSw0z9pyS14/s-l225.jpg","7.12 USD","in stock","used","Sanuki Trading","no","Trading Cards"
"v1|318496597378|0","Dragon Ball Z Solid Edge Works Master Roshi Kame Sennin Banpresto Figure Japan","Dragon Ball Z Solid Edge Works Master Roshi Kame Sennin Banpresto Figure Japan — authentic Japanese item, shipped worldwide with tracking from Sanuki Trading.","https://sanukitrading2026-hub.github.io/ebay-store/items/v1-318496597378-0.html","https://i.ebayimg.com/images/g/5OEAAeSw5oRqOnag/s-l225.jpg","24.99 USD","in stock","new","Sanuki Trading","no","Anime Figures"
"v1|318426713472|0","Pokemon Card Game Mega Brave Booster Pack x7 Sealed Japanese TCG Lucario New","Pokemon Card Game Mega Brave Booster Pack x7 Sealed Japanese TCG Lucario New — authentic Japanese item, shipped worldwide with tracking from Sanuki Trading.","https://sanukitrading2026-hub.github.io/ebay-store/items/v1-318426713472-0.html","https://i.ebayimg.com/images/g/~9IAAeSwfjZqe7gs/s-l225.jpg","15.19 USD","in stock","new","Sanuki Trading","no","Trading Cards"
"v1|318461140942|0","Pokemon Card Battle Partners SV9 Booster Pack Scarlet Violet Japanese Sealed","Pokemon Card Battle Partners SV9 Booster Pack Scarlet Violet Japanese Sealed — authentic Japanese item, shipped worldwide with tracking from Sanuki Trading.","https://sanukitrading2026-hub.github.io/ebay-store/items/v1-318461140942-0.html","https://i.ebayimg.com/images/g/fw4AAeSwPdVqL8O~/s-l225.jpg","1.00 USD","in stock","new","Sanuki Trading","no","Trading Cards"
"v1|318715598508|0","Protective Vest SR 099/076 M6 Storm Emeralda Pokemon Card Japanese 2026 NM","Protective Vest SR 099/076 M6 Storm Emeralda Pokemon Card Japanese 2026 NM — authentic Japanese item, shipped worldwide with tracking from Sanuki Trading.","https://sanukitrading2026-hub.github.io/ebay-store/items/v1-318715598508-0.html","https://i.ebayimg.com/images/g/3JYAAeSwpAlqex3l/s-l225.jpg","2.49 USD","in stock","used","Sanuki Trading","no","Trading Cards"
"v1|318527123434|0","Pokemon TCG Mega Symphonia 10 Pack Set Japanese Booster Packs Sealed","Pokemon TCG Mega Symphonia 10 Pack Set Japanese Booster Packs Sealed — authentic Japanese item, shipped worldwide with tracking from Sanuki Trading.","https://sanukitrading2026-hub.github.io/ebay-store/items/v1-318527123434-0.html","https://i.ebayimg.com/images/g/rCIAAeSw4hZqIAxM/s-l225.jpg","15.00 USD","in stock","new","Sanuki Trading","no","Trading Cards"
"v1|318569906731|0","Nintendo Super Mario Fire Mario Toad Figure Set Japan Prize Authentic New 2025","Nintendo Super Mario Fire Mario Toad Figure Set Japan Prize Authentic New 2025 — authentic Japanese item, shipped worldwide with tracking from Sanuki Trading.","https://sanukitrading2026-hub.github.io/ebay-store/items/v1-318569906731-0.html","https://i.ebayimg.com/images/g/1VAAAeSw46RqUjBK/s-l225.jpg","19.49 USD","in stock","used","Sanuki Trading","no","Anime Figures"
"v1|318485970880|0","One Piece Master Stars Piece THE SHANKS Figure Banpresto Craneking New Japan","One Piece Master Stars Piece THE SHANKS Figure Banpresto Craneking New Japan — authentic Japanese item, shipped worldwide with tracking from Sanuki Trading.","https://sanukitrading2026-hub.github.io/ebay-store/items/v1-318485970880-0.html","https://i.ebayimg.com/images/g/qfgAAeSwmvtp3P7I/s-l225.jpg","27.99 USD","in stock","new","Sanuki Trading","no","Anime Figures"
"v1|318415235247|0","Dragon Ball Z Match Makers Android 18 vs Mr Satan Figure Banpresto Japan New","Dragon Ball Z Match Makers Android 18 vs Mr Satan Figure Banpresto Japan New — authentic Japanese item, shipped worldwide with tracking from Sanuki Trading.","https://sanukitrading2026-hub.github.io/ebay-store/items/v1-318415235247-0.html","https://i.ebayimg.com/images/g/nbkAAeSwtuxqGqio/s-l225.jpg","18.89 USD","in stock","new","Sanuki Trading","no","Anime Figures"
"v1|318373679292|0","Pokemon Moncolle Pikachu Selection 30th Anniversary Figure Set of 2 Takara Tomy","Pokemon Moncolle Pikachu Selection 30th Anniversary Figure Set of 2 Takara Tomy — authentic Japanese item, shipped worldwide with tracking from Sanuki Trading.","https://sanukitrading2026-hub.github.io/ebay-store/items/v1-318373679292-0.html","https://i.ebayimg.com/images/g/9SsAAeSwnK1qGAPD/s-l225.jpg","25.17 USD","in stock","new","Sanuki Trading","no","Trading Cards"
"v1|318416196963|0","Pokemon Pikachu Plush Set of 2 Poke Peace & Banpresto Japan New Stuffed Toy Lot","Pokemon Pikachu Plush Set of 2 Poke Peace & Banpresto Japan New Stuffed Toy Lot — authentic Japanese item, shipped worldwide with tracking from Sanuki Trading.","https://sanukitrading2026-hub.github.io/ebay-store/items/v1-318416196963-0.html","https://i.ebayimg.com/images/g/mowAAeSwzyhqI7uI/s-l225.jpg","40.37 USD","in stock","used","Sanuki Trading","no","Trading Cards"
"v1|318503196868|0","Lupin the Third & Jigen 7 inch Full Action Figure Set Banpresto Japan Vintage","Lupin the Third & Jigen 7 inch Full Action Figure Set Banpresto Japan Vintage — authentic Japanese item, shipped worldwide with tracking from Sanuki Trading.","https://sanukitrading2026-hub.github.io/ebay-store/items/v1-318503196868-0.html","https://i.ebayimg.com/images/g/z2sAAeSw9JZqM~EI/s-l225.jpg","29.49 USD","in stock","new","Sanuki Trading","no","Anime Figures"
"v1|318648612993|0","Pokemon Card Goldeen 084/081 M5 Abyss Eye AR Japanese","Pokemon Card Goldeen 084/081 M5 Abyss Eye AR Japanese — authentic Japanese item, shipped worldwide with tracking from Sanuki Trading.","https://sanukitrading2026-hub.github.io/ebay-store/items/v1-318648612993-0.html","https://i.ebayimg.com/images/g/CSEAAeSw5oRqaUg3/s-l225.jpg","5.00 USD","in stock","used","Sanuki Trading","no","Trading Cards"
"v1|318640907738|0","ONE PIECE Maximatic Plus Monkey D Luffy II Figure Banpresto Prize Japan NEW","ONE PIECE Maximatic Plus Monkey D Luffy II Figure Banpresto Prize Japan NEW — authentic Japanese item, shipped worldwide with tracking from Sanuki Trading.","https://sanukitrading2026-hub.github.io/ebay-store/items/v1-318640907738-0.html","https://i.ebayimg.com/images/g/U00AAeSw4VVqZyXN/s-l225.jpg","30.00 USD","in stock","new","Sanuki Trading","no","Anime Figures"
"v1|318483700608|0","Dragon Ball Super Golden Frieza Figure Solid Edge Works THE Departure Banpresto","Dragon Ball Super Golden Frieza Figure Solid Edge Works THE Departure Banpresto — authentic Japanese item, shipped worldwide with tracking from Sanuki Trading.","https://sanukitrading2026-hub.github.io/ebay-store/items/v1-318483700608-0.html","https://i.ebayimg.com/images/g/h-oAAeSw269qNOz~/s-l225.jpg","24.00 USD","in stock","new","Sanuki Trading","no","Anime Figures"
"v1|318494096579|0","One Piece Captain John Battle Record Collection Banpresto Figure Japan New Seale","One Piece Captain John Battle Record Collection Banpresto Figure Japan New Seale — authentic Japanese item, shipped worldwide with tracking from Sanuki Trading.","https://sanukitrading2026-hub.github.io/ebay-store/items/v1-318494096579-0.html","https://i.ebayimg.com/images/g/qxoAAeSwlnZqOnWr/s-l225.jpg","30.00 USD","in stock","new","Sanuki Trading","no","Anime Figures"
"v1|318476486799|0","One Piece Rob Lucci Awakening Special Ver King of Artist Figure Banpresto","One Piece Rob Lucci Awakening Special Ver King of Artist Figure Banpresto — authentic Japanese item, shipped worldwide with tracking from Sanuki Trading.","https://sanukitrading2026-hub.github.io/ebay-store/items/v1-318476486799-0.html","https://i.ebayimg.com/images/g/jRcAAeSwV0tqNQTk/s-l225.jpg","29.88 USD","in stock","new","Sanuki Trading","no","Anime Figures"
"v1|318496759115|0","One Piece Mega World Collectable Figure Kaido of the Beasts Set of 2 Banpresto","One Piece Mega World Collectable Figure Kaido of the Beasts Set of 2 Banpresto — authentic Japanese item, shipped worldwide with tracking from Sanuki Trading.","https://sanukitrading2026-hub.github.io/ebay-store/items/v1-318496759115-0.html","https://i.ebayimg.com/images/g/rXAAAeSwaZBp4c9y/s-l225.jpg","49.99 USD","in stock","new","Sanuki Trading","no","Anime Figures"
"v1|318505436785|0","ONE PIECE Grandista Gear 5 II Luffy & Jewelry Bonney Figure Set New Japan","ONE PIECE Grandista Gear 5 II Luffy & Jewelry Bonney Figure Set New Japan — authentic Japanese item, shipped worldwide with tracking from Sanuki Trading.","https://sanukitrading2026-hub.github.io/ebay-store/items/v1-318505436785-0.html","https://i.ebayimg.com/images/g/oZYAAeSwZjlqPcrV/s-l225.jpg","48.00 USD","in stock","new","Sanuki Trading","no","Anime Figures"
"v1|318476111203|0","Dragon Ball Super Solid Edge Works Ultra Instinct Goku Figure Banpresto Japan","Dragon Ball Super Solid Edge Works Ultra Instinct Goku Figure Banpresto Japan — authentic Japanese item, shipped worldwide with tracking from Sanuki Trading.","https://sanukitrading2026-hub.github.io/ebay-store/items/v1-318476111203-0.html","https://i.ebayimg.com/images/g/l-QAAeSwhhBqNOxc/s-l225.jpg","32.49 USD","in stock","new","Sanuki Trading","no","Anime Figures"
"v1|318617657953|0","Pokemon Card Power Tablet UR 126/100 s8 Fusion Arts Gold Secret Rare Japanese","Pokemon Card Power Tablet UR 126/100 s8 Fusion Arts Gold Secret Rare Japanese — authentic Japanese item, shipped worldwide with tracking from Sanuki Trading.","https://sanukitrading2026-hub.github.io/ebay-store/items/v1-318617657953-0.html","https://i.ebayimg.com/images/g/HnYAAeSwARRqWkAq/s-l225.jpg","3.50 USD","in stock","used","Sanuki Trading","no","Trading Cards"
